date_utc,significant,suggestive,newly_classified,total,source_request,indirection,custom_program
2025-11-01,0,0,0,0,0,0,0
2025-11-02,0,0,0,0,0,0,0
2025-11-03,0,0,0,0,0,0,0
2025-11-04,0,0,0,0,0,0,0
2025-11-05,0,1,0,1,1,0,0
2025-11-06,0,0,0,0,0,0,0
2025-11-07,0,0,0,0,0,0,0
2025-11-08,0,0,0,0,0,0,0
2025-11-09,0,0,0,0,0,0,0
2025-11-10,0,0,0,0,0,0,0
2025-11-11,0,0,0,0,0,0,0
2025-11-12,0,44,0,44,44,0,0
2025-11-13,0,0,0,0,0,0,0
2025-11-14,0,0,0,0,0,0,0
2025-11-15,0,0,0,0,0,0,0
2025-11-16,0,5,0,5,5,0,0
2025-11-17,0,0,0,0,0,0,0
2025-11-18,0,0,0,0,0,0,0
2025-11-19,0,0,0,0,0,0,0
2025-11-20,0,0,0,0,0,0,0
2025-11-21,0,0,0,0,0,0,0
2025-11-22,0,0,0,0,0,0,0
2025-11-23,0,0,0,0,0,0,0
2025-11-24,0,61,0,61,61,0,0
2025-11-25,0,2,0,2,2,0,0
2025-11-26,0,0,0,0,0,0,0
2025-11-27,0,0,0,0,0,0,0
2025-11-28,0,5,0,5,5,0,0
2025-11-29,0,0,0,0,0,0,0
2025-11-30,0,0,0,0,0,0,0
2025-12-01,0,0,0,0,0,0,0
2025-12-02,0,0,0,0,0,0,0
2025-12-03,0,0,0,0,0,0,0
2025-12-04,0,0,0,0,0,0,0
2025-12-05,0,0,0,0,0,0,0
2025-12-06,0,0,0,0,0,0,0
2025-12-07,0,1,0,1,1,0,0
2025-12-08,0,0,0,0,0,0,0
2025-12-09,0,0,0,0,0,0,0
2025-12-10,0,0,0,0,0,0,0
2025-12-11,0,2,0,2,2,0,0
2025-12-12,0,1,0,1,1,0,0
2025-12-13,0,0,0,0,0,0,0
2025-12-14,0,0,0,0,0,0,0
2025-12-15,0,0,0,0,0,0,0
2025-12-16,0,2,0,2,2,0,0
2025-12-17,0,15,0,15,15,0,0
2025-12-18,0,6,0,6,6,0,0
2025-12-19,0,3,0,3,3,0,0
2025-12-20,0,5,0,5,5,0,0
2025-12-21,0,0,0,0,0,0,0
2025-12-22,0,0,0,0,0,0,0
2025-12-23,0,0,0,0,0,0,0
2025-12-24,0,0,0,0,0,0,0
2025-12-25,0,0,0,0,0,0,0
2025-12-26,0,0,0,0,0,0,0
2025-12-27,0,0,0,0,0,0,0
2025-12-28,0,0,0,0,0,0,0
2025-12-29,0,0,0,0,0,0,0
2025-12-30,0,0,0,0,0,0,0
2025-12-31,0,0,0,0,0,0,0
2026-01-01,0,1,0,1,1,0,0
2026-01-02,0,0,0,0,0,0,0
2026-01-03,0,0,0,0,0,0,0
2026-01-04,0,0,0,0,0,0,0
2026-01-05,0,0,0,0,0,0,0
2026-01-06,0,0,0,0,0,0,0
2026-01-07,0,1,0,1,1,0,0
2026-01-08,0,0,0,0,0,0,0
2026-01-09,0,0,0,0,0,0,0
2026-01-10,0,0,0,0,0,0,0
2026-01-11,0,0,0,0,0,0,0
2026-01-12,0,0,0,0,0,0,0
2026-01-13,0,0,0,0,0,0,0
2026-01-14,0,3,0,3,3,0,0
2026-01-15,0,0,0,0,0,0,0
2026-01-16,0,1,0,1,1,0,0
2026-01-17,0,17,0,17,17,0,0
2026-01-18,0,0,0,0,0,0,0
2026-01-19,0,0,0,0,0,0,0
2026-01-20,0,2,0,2,2,0,0
2026-01-21,0,0,0,0,0,0,0
2026-01-22,0,0,0,0,0,0,0
2026-01-23,0,0,0,0,0,0,0
2026-01-24,0,0,0,0,0,0,0
2026-01-25,0,0,0,0,0,0,0
2026-01-26,0,0,0,0,0,0,0
2026-01-27,0,1,0,1,1,0,0
2026-01-28,0,0,0,0,0,0,0
2026-01-29,0,0,0,0,0,0,0
2026-01-30,0,0,0,0,0,0,0
2026-01-31,0,0,0,0,0,0,0
2026-02-01,0,0,0,0,0,0,0
2026-02-02,0,0,0,0,0,0,0
2026-02-03,0,37,0,37,37,0,0
2026-02-04,0,0,0,0,0,0,0
2026-02-05,0,7,0,7,7,0,0
2026-02-06,0,0,0,0,0,0,0
2026-02-07,0,0,0,0,0,0,0
2026-02-08,0,4,0,4,4,0,0
2026-02-09,0,0,0,0,0,0,0
2026-02-10,0,15,0,15,15,0,0
2026-02-11,0,0,0,0,0,0,0
2026-02-12,0,0,0,0,0,0,0
2026-02-13,0,5,0,5,5,0,0
2026-02-14,0,0,0,0,0,0,0
2026-02-15,0,14,0,14,14,0,0
2026-02-16,0,3,0,3,3,0,0
2026-02-17,0,0,0,0,0,0,0
2026-02-18,0,0,0,0,0,0,0
2026-02-19,0,0,0,0,0,0,0
2026-02-20,0,0,0,0,0,0,0
2026-02-21,0,31,0,31,31,0,0
2026-02-22,0,102,0,102,102,0,0
2026-02-23,0,0,0,0,0,0,0
2026-02-24,0,3,0,3,3,0,0
2026-02-25,0,4,0,4,4,0,0
2026-02-26,0,8,0,8,8,0,0
2026-02-27,0,0,0,0,0,0,0
2026-02-28,0,0,0,0,0,0,0
2026-03-01,0,3,0,3,3,0,0
2026-03-02,0,0,0,0,0,0,0
2026-03-03,0,0,0,0,0,0,0
2026-03-04,0,0,0,0,0,0,0
2026-03-05,0,1,0,1,1,0,0
2026-03-06,4,34,4,38,28,6,4
2026-03-07,0,0,0,0,0,0,0
2026-03-08,0,0,0,0,0,0,0
2026-03-09,0,1,0,1,1,0,0
2026-03-10,0,2,0,2,2,0,0
2026-03-11,1,8,0,9,5,4,0
2026-03-12,0,0,0,0,0,0,0
2026-03-13,0,0,0,0,0,0,0
2026-03-14,0,0,0,0,0,0,0
2026-03-15,1,6,0,7,5,2,0
2026-03-16,0,0,0,0,0,0,0
2026-03-17,0,0,0,0,0,0,0
2026-03-18,0,0,0,0,0,0,0
2026-03-19,0,0,0,0,0,0,0
2026-03-20,0,1,0,1,1,0,0
2026-03-21,0,1,0,1,1,0,0
2026-03-22,0,1,0,1,1,0,0
2026-03-23,0,2,0,2,2,0,0
2026-03-24,0,1,0,1,1,0,0
2026-03-25,0,0,0,0,0,0,0
2026-03-26,0,1,0,1,1,0,0
2026-03-27,0,2,0,2,2,0,0
2026-03-28,0,6,0,6,6,0,0
2026-03-29,0,37,0,37,37,0,0
2026-03-30,0,0,0,0,0,0,0
2026-03-31,0,0,0,0,0,0,0
2026-04-01,0,0,0,0,0,0,0
2026-04-02,0,0,0,0,0,0,0
2026-04-03,0,24,0,24,24,0,0
2026-04-04,0,0,0,0,0,0,0
2026-04-05,0,79,0,79,79,0,0
2026-04-06,0,74,0,74,74,0,0
2026-04-07,0,3,0,3,3,0,0
2026-04-08,0,5,0,5,5,0,0
2026-04-09,0,4,0,4,4,0,0
2026-04-10,0,2,0,2,2,0,0
2026-04-11,0,23,0,23,23,0,0
2026-04-12,0,6,0,6,6,0,0
2026-04-13,0,1,0,1,1,0,0
2026-04-14,0,0,0,0,0,0,0
2026-04-15,0,2,0,2,2,0,0
2026-04-16,0,1,0,1,1,0,0
2026-04-17,236,643,0,879,538,105,236
2026-04-18,117,332,0,449,216,116,117
2026-04-19,11,43,0,54,34,9,11
2026-04-20,0,31,0,31,31,0,0
2026-04-21,15,42,0,57,40,2,15
2026-04-22,0,21,0,21,19,2,0
2026-04-23,35,108,0,143,93,15,35
2026-04-24,88,45,0,133,41,4,88
2026-04-25,0,0,0,0,0,0,0
2026-04-26,173,273,0,446,248,25,173
2026-04-27,164,255,0,419,242,13,164
2026-04-28,22,69,0,91,68,1,22
2026-04-29,414,266,0,680,261,5,414
2026-04-30,66,135,0,201,134,1,66
2026-05-01,178,498,9,676,452,46,178
2026-05-02,69,311,3,380,262,49,69
2026-05-03,5,24,0,29,20,4,5
2026-05-04,176,476,5,652,438,38,176
2026-05-05,5,457,0,462,453,4,5
2026-05-06,0,123,0,123,114,9,0
2026-05-07,5,76,0,81,57,19,5
2026-05-08,1,56,0,57,55,1,1
2026-05-09,17,237,0,254,225,12,17
2026-05-10,89,1138,0,1227,1053,85,89
2026-05-11,7,2232,0,2239,1673,559,7
2026-05-12,64,999,3,1063,689,310,64
2026-05-13,153,1106,2,1259,944,162,153
2026-05-14,126,1252,5,1378,1213,39,126
2026-05-15,55,146,0,201,140,6,55
2026-05-16,196,97,0,293,76,21,196
2026-05-17,119,1848,3,1967,1817,31,119
2026-05-18,157,194,0,351,180,14,157
2026-05-19,125,42,0,167,30,12,125
2026-05-20,25,31,0,56,29,2,25
2026-05-21,121,211,0,332,158,53,121
2026-05-22,14,357,0,371,357,0,14
2026-05-23,174,588,0,762,476,112,174
2026-05-24,11,160,0,171,160,0,11
2026-05-25,118,558,0,676,520,38,118
2026-05-26,127,1669,0,1796,1151,519,126
2026-05-27,76,446,0,522,327,119,76
2026-05-28,34,837,0,871,710,127,34
2026-05-29,188,662,0,850,648,14,188
2026-05-30,181,417,1,598,412,5,181
2026-05-31,57,161,0,218,160,1,57
2026-06-01,28,432,1,460,405,27,28
2026-06-02,31,81,0,112,79,2,31
2026-06-03,67,214,0,281,185,29,67
2026-06-04,0,139,0,139,136,3,0
2026-06-05,11,181,0,192,172,9,11
2026-06-06,120,216,0,336,209,7,120
2026-06-07,65,189,0,254,186,3,65
2026-06-08,22,45,0,67,42,3,22
2026-06-09,86,291,0,377,289,2,86
2026-06-10,166,357,0,523,334,23,166
2026-06-11,6,59,0,65,51,8,6
2026-06-12,32,77,0,109,71,6,32
2026-06-13,227,621,0,848,614,7,227
2026-06-14,74,432,2,506,411,21,74
2026-06-15,505,890,0,1395,871,19,505
2026-06-16,129,353,1,482,344,9,129
2026-06-17,9,146,0,155,144,2,9
2026-06-18,275,1442,1,1717,1276,166,275
2026-06-19,217,1505,0,1722,1246,259,217
2026-06-20,238,1884,25,2122,1107,777,238
2026-06-21,128,1156,0,1284,741,415,128
2026-06-22,0,0,0,0,0,0,0
2026-06-23,0,0,0,0,0,0,0
2026-06-24,0,0,0,0,0,0,0
2026-06-25,0,0,0,0,0,0,0
2026-06-26,0,0,0,0,0,0,0
2026-06-27,0,0,0,0,0,0,0
2026-06-28,0,0,0,0,0,0,0
2026-06-29,0,0,0,0,0,0,0
2026-06-30,0,0,0,0,0,0,0
2026-07-01,0,0,0,0,0,0,0
2026-07-02,0,7,0,7,7,0,0
2026-07-03,0,9,0,9,9,0,0
2026-07-04,0,0,0,0,0,0,0
2026-07-05,0,1,0,1,1,0,0
2026-07-06,0,1,0,1,1,0,0
2026-07-07,0,0,0,0,0,0,0
2026-07-08,0,0,0,0,0,0,0
2026-07-09,0,0,0,0,0,0,0
2026-07-10,0,0,0,0,0,0,0
2026-07-11,0,0,0,0,0,0,0
2026-07-12,0,0,0,0,0,0,0
2026-07-13,0,0,0,0,0,0,0
2026-07-14,0,0,0,0,0,0,0
2026-07-15,0,0,0,0,0,0,0
2026-07-16,0,0,0,0,0,0,0
2026-07-17,0,0,0,0,0,0,0
2026-07-18,0,0,0,0,0,0,0
2026-07-19,2,0,0,2,0,0,2
2026-07-20,0,0,0,0,0,0,0
2026-07-21,0,0,0,0,0,0,0
2026-07-22,0,0,0,0,0,0,0
2026-07-23,0,0,0,0,0,0,0
2026-07-24,0,0,0,0,0,0,0
2026-07-25,0,0,0,0,0,0,0
2026-07-26,0,0,0,0,0,0,0
2026-07-27,0,1,0,1,1,0,0
2026-07-28,0,0,0,0,0,0,0
2026-07-29,0,0,0,0,0,0,0
2026-07-30,0,5,0,5,0,5,0
2026-07-31,0,0,0,0,0,0,0
2026-08-01,0,0,0,0,0,0,0
2026-08-02,0,0,0,0,0,0,0
2026-08-03,0,0,0,0,0,0,0
2026-08-04,0,0,0,0,0,0,0
2026-08-05,0,0,0,0,0,0,0
2026-08-06,0,0,0,0,0,0,0
2026-08-07,0,0,0,0,0,0,0
2026-08-08,0,0,0,0,0,0,0
2026-08-09,0,0,0,0,0,0,0
2026-08-10,0,0,0,0,0,0,0
2026-08-11,0,0,0,0,0,0,0
2026-08-12,0,0,0,0,0,0,0
2026-08-13,0,0,0,0,0,0,0
2026-08-14,0,0,0,0,0,0,0
2026-08-15,0,0,0,0,0,0,0
2026-08-16,0,0,0,0,0,0,0
2026-08-17,0,0,0,0,0,0,0
2026-08-18,0,0,0,0,0,0,0
2026-08-19,0,0,0,0,0,0,0
2026-08-20,0,0,0,0,0,0,0
2026-08-21,0,0,0,0,0,0,0
2026-08-22,0,4,0,4,4,0,0
2026-08-23,0,0,0,0,0,0,0
2026-08-24,0,0,0,0,0,0,0
2026-08-25,0,0,0,0,0,0,0
2026-08-26,0,0,0,0,0,0,0
2026-08-27,0,0,0,0,0,0,0
2026-08-28,0,0,0,0,0,0,0
2026-08-29,0,0,0,0,0,0,0
2026-08-30,0,0,0,0,0,0,0
2026-08-31,0,1,0,1,1,0,0
2026-09-01,0,0,0,0,0,0,0
2026-09-02,0,0,0,0,0,0,0
2026-09-03,0,0,0,0,0,0,0
2026-09-04,0,0,0,0,0,0,0
2026-09-05,0,0,0,0,0,0,0
2026-09-06,0,0,0,0,0,0,0
2026-09-07,0,0,0,0,0,0,0
2026-09-08,0,0,0,0,0,0,0
2026-09-09,0,1,0,1,1,0,0
2026-09-10,0,0,0,0,0,0,0
2026-09-11,0,0,0,0,0,0,0
2026-09-12,0,0,0,0,0,0,0
2026-09-13,0,0,0,0,0,0,0
2026-09-14,0,0,0,0,0,0,0
2026-09-15,0,0,0,0,0,0,0
2026-09-16,4,4,1,8,4,0,4
2026-09-17,0,0,0,0,0,0,0
2026-09-18,0,1,0,1,0,1,0
2026-09-19,0,10,10,10,10,0,0
2026-09-20,5,1,5,6,1,0,5
2026-09-21,0,0,0,0,0,0,0
