Date,CP trend share fitted (%),CP trend share visible (%),AI-related compute hardware (% of GDP),CP actual share (%),DC construction share (%),Networking share (%),Combined share (%),Nominal GDP (billions USD)
2015-01-01,0.5277,0.5277,0.0369,0.5646,0.0111,0.0000,0.5756,18063.5
2015-04-01,0.5306,0.5306,0.0262,0.5568,0.0175,0.0000,0.5743,18279.8
2015-07-01,0.5336,0.5336,0.0272,0.5608,0.0151,0.0000,0.5758,18401.6
2015-10-01,0.5365,0.5335,0.0000,0.5335,0.0160,0.0000,0.5495,18435.1
2016-01-01,0.5395,0.5395,0.0081,0.5476,0.0199,0.0000,0.5675,18525.9
2016-04-01,0.5424,0.5354,0.0000,0.5354,0.0234,0.0000,0.5587,18711.7
2016-07-01,0.5453,0.5159,0.0000,0.5159,0.0230,0.0000,0.5389,18892.6
2016-10-01,0.5483,0.5174,0.0000,0.5174,0.0212,0.0000,0.5386,19089.4
2017-01-01,0.5512,0.5176,0.0000,0.5176,0.0211,0.0117,0.5504,19280.1
2017-04-01,0.5542,0.5359,0.0000,0.5359,0.0237,0.0140,0.5736,19438.6
2017-07-01,0.5571,0.5571,0.0006,0.5577,0.0233,0.0149,0.5959,19692.6
2017-10-01,0.5600,0.5456,0.0000,0.5456,0.0269,0.0157,0.5882,20037.1
2018-01-01,0.5630,0.5630,0.0193,0.5823,0.0308,0.0156,0.6287,20328.6
2018-04-01,0.5659,0.5659,0.0286,0.5945,0.0334,0.0170,0.6448,20580.9
2018-07-01,0.5688,0.5688,0.0180,0.5869,0.0332,0.0182,0.6383,20798.7
2018-10-01,0.5718,0.5688,0.0000,0.5688,0.0367,0.0191,0.6247,20917.9
2019-01-01,0.5747,0.5625,0.0000,0.5625,0.0376,0.0190,0.6191,21111.6
2019-04-01,0.5777,0.5760,0.0000,0.5760,0.0397,0.0191,0.6348,21397.9
2019-07-01,0.5806,0.5327,0.0000,0.5327,0.0395,0.0202,0.5924,21717.2
2019-10-01,0.5835,0.5376,0.0000,0.5376,0.0405,0.0169,0.5951,21933.2
2020-01-01,0.5865,0.5286,0.0000,0.5286,0.0439,0.0162,0.5887,21751.2
2020-04-01,0.5894,0.5894,0.0375,0.6269,0.0444,0.0210,0.6923,19958.3
2020-07-01,0.5924,0.5924,0.0055,0.5978,0.0428,0.0215,0.6621,21704.4
2020-10-01,0.5953,0.5953,0.0219,0.6172,0.0419,0.0229,0.6819,22087.2
2021-01-01,0.5982,0.5982,0.0354,0.6336,0.0421,0.0232,0.6989,22680.7
2021-04-01,0.6012,0.6012,0.0110,0.6122,0.0399,0.0238,0.6760,23425.9
2021-07-01,0.6041,0.6041,0.0095,0.6136,0.0430,0.0247,0.6812,23982.4
2021-10-01,0.6071,0.6071,0.0151,0.6221,0.0425,0.0262,0.6908,24813.6
2022-01-01,0.6100,0.6100,0.0340,0.6440,0.0435,0.0277,0.7152,25250.3
2022-04-01,0.6129,0.6129,0.0039,0.6168,0.0470,0.0321,0.6960,25861.3
2022-07-01,0.6159,0.6159,0.0057,0.6216,0.0509,0.0353,0.7077,26336.3
2022-10-01,0.6188,0.5798,0.0000,0.5798,0.0510,0.0377,0.6685,26770.5
2023-01-01,0.6217,0.5441,0.0000,0.5441,0.0635,0.0397,0.6472,27216.4
2023-04-01,0.6247,0.5356,0.0000,0.5356,0.0665,0.0433,0.6454,27530.1
2023-07-01,0.6276,0.5188,0.0000,0.5188,0.0723,0.0445,0.6356,28074.8
2023-10-01,0.6306,0.5455,0.0000,0.5455,0.0844,0.0459,0.6759,28424.7
2024-01-01,0.6335,0.5765,0.0000,0.5765,0.0917,0.0546,0.7229,28708.2
2024-04-01,0.6364,0.6024,0.0000,0.6024,0.1024,0.0616,0.7664,29147.0
2024-07-01,0.6394,0.6361,0.0000,0.6361,0.1103,0.0658,0.8122,29511.7
2024-10-01,0.6423,0.6240,0.0000,0.6240,0.1190,0.0732,0.8162,29825.2
2025-01-01,0.6453,0.6453,0.0965,0.7418,0.1218,0.0801,0.9436,30042.1
2025-04-01,0.6482,0.6482,0.1843,0.8325,0.1324,0.0981,1.0629,30485.7
2025-07-01,0.6511,0.6511,0.2523,0.9034,0.1351,0.1010,1.1395,31098.0
2025-10-01,0.6541,0.6541,0.3814,1.0354,0.1441,0.1104,1.2899,31422.5
2026-01-01,0.6570,0.6570,0.5551,1.2122,0.1528,0.1237,1.4886,31856.3
