Calendar Quarter,MSFT Broad CapEx ($M),AMZN Broad CapEx ($M),GOOG Broad CapEx ($M),META Broad CapEx ($M),ORCL Broad CapEx ($M),Total ($M),Exp Trend ($M)
CY2022 Q1,6060,15117,9786,5556,1101,37620,
CY2022 Q2,8011,15785,6828,7621,1423,39668,
CY2022 Q3,6894,16509,7276,9375,1719,41773,
CY2022 Q4,6872,16909,7595,9401,2435,43212,
CY2023 Q1,7651,14215,6289,7062,2628,37845,
CY2023 Q2,9818,11695,6888,6447,1913,36761,35107
CY2023 Q3,11621,12662,8055,6543,1314,40195,40184
CY2023 Q4,11531,14799,11019,8056,1080,46485,45996
CY2024 Q1,14373,14967,12012,6538,1674,49564,52649
CY2024 Q2,18585,17801,13186,8433,2798,60803,60264
CY2024 Q3,19255,22806,13061,8778,2303,66203,68981
CY2024 Q4,22239,28279,14589,14706,3970,83783,78958
CY2025 Q1,19986,25073,17720,13660,5862,82301,90378
CY2025 Q2,23582,33120,22529,17120,11108,107459,103450
CY2025 Q3,28541,36072,24336,19251,9624,117824,118413
CY2025 Q4,36206,40465,28468,22463,13046,140648,135540
