year,zoneJ_annual_energy_GWh,zoneJ_summer_noncoincident_peak_MW,source
2016,53653,10990,"NYISO 2026 Gold Book Tables I-2 and I-4a (historical, actual weather)"
2017,52266,10671,"NYISO 2026 Gold Book Tables I-2 and I-4a (historical, actual weather)"
2018,53360,11070,"NYISO 2026 Gold Book Tables I-2 and I-4a (historical, actual weather)"
2019,52003,10802,"NYISO 2026 Gold Book Tables I-2 and I-4a (historical, actual weather)"
2020,48060,10150,"NYISO 2026 Gold Book Tables I-2 and I-4a (historical, actual weather)"
2021,48832,10352,"NYISO 2026 Gold Book Tables I-2 and I-4a (historical, actual weather)"
2022,49740,10830,"NYISO 2026 Gold Book Tables I-2 and I-4a (historical, actual weather)"
2023,48280,10372,"NYISO 2026 Gold Book Tables I-2 and I-4a (historical, actual weather)"
2024,49703,10245,"NYISO 2026 Gold Book Tables I-2 and I-4a (historical, actual weather)"
2025,50104,10825,"NYISO 2026 Gold Book Tables I-2 and I-4a (historical, actual weather)"
